{
  "AAPL": {
    "accuracy": 0.0625,
    "precision": 0.7254789272030653,
    "recall": 0.0625,
    "f1": 0.07974067741410194
  },
  "MSFT": {
    "accuracy": 0.11458333333333333,
    "precision": 0.013129340277777776,
    "recall": 0.11458333333333333,
    "f1": 0.023559190031152647
  },
  "GOOGL": {
    "accuracy": 0.4375,
    "precision": 0.626358695652174,
    "recall": 0.4375,
    "f1": 0.5013786764705882
  },
  "TSLA": {
    "accuracy": 0.23958333333333334,
    "precision": 0.05740017361111111,
    "recall": 0.23958333333333334,
    "f1": 0.09261204481792717
  },
  "IBM": {
    "accuracy": 0.08333333333333333,
    "precision": 0.006944444444444444,
    "recall": 0.08333333333333333,
    "f1": 0.012820512820512822
  },
  "ORCL": {
    "accuracy": 0.2916666666666667,
    "precision": 0.08506944444444446,
    "recall": 0.2916666666666667,
    "f1": 0.13172043010752688
  },
  "AMZN": {
    "accuracy": 0.2916666666666667,
    "precision": 0.5909722222222221,
    "recall": 0.2916666666666667,
    "f1": 0.34647349505840075
  }
}