{
  "AAPL": {
    "accuracy": 0.052083333333333336,
    "precision": 0.004880952380952381,
    "recall": 0.052083333333333336,
    "f1": 0.008925415341109933
  },
  "MSFT": {
    "accuracy": 0.08333333333333333,
    "precision": 0.01388888888888889,
    "recall": 0.08333333333333333,
    "f1": 0.02380952380952381
  },
  "GOOGL": {
    "accuracy": 0.14583333333333334,
    "precision": 0.021267361111111115,
    "recall": 0.14583333333333334,
    "f1": 0.03712121212121212
  },
  "TSLA": {
    "accuracy": 0.22916666666666666,
    "precision": 0.10528169014084506,
    "recall": 0.22916666666666666,
    "f1": 0.13657099586288415
  },
  "IBM": {
    "accuracy": 0.09375,
    "precision": 0.021402582159624414,
    "recall": 0.09375,
    "f1": 0.03417559743779256
  },
  "ORCL": {
    "accuracy": 0.2604166666666667,
    "precision": 0.12542496837444655,
    "recall": 0.2604166666666667,
    "f1": 0.16894654088050318
  },
  "AMZN": {
    "accuracy": 0.07291666666666667,
    "precision": 0.015825320512820512,
    "recall": 0.07291666666666667,
    "f1": 0.0258879781420765
  }
}